{
  "trained_at": "2026-03-24T19:02:19.353446",
  "feature_names": [
    "Temp_C",
    "Turbidity_NTU",
    "DO_mgL-1",
    "PAR_uEcm-2s-1",
    "Secchi_Depth_m",
    "Extracted_PC_ugL-1",
    "Wind_speed_ms-1",
    "date_sin",
    "date_cos"
  ],
  "xgb_params": {
    "n_estimators": 236,
    "max_depth": 7,
    "learning_rate": 0.03709270671006783,
    "subsample": 0.6233705934172986,
    "colsample_bytree": 0.752119049118557,
    "reg_alpha": 5.894986797129188e-07,
    "reg_lambda": 2.6250033548601e-05,
    "min_child_weight": 2,
    "random_state": 42,
    "verbosity": 0
  },
  "test_metrics": {
    "RMSE": 4.405353008775569,
    "R2": 0.38113474546519677,
    "MAE": 3.3762887487103854,
    "n_train": 124,
    "n_test": 31
  },
  "cv_results": {
    "Ridge": {
      "RMSE": 11.656010812774634,
      "RMSE_std": 4.999801601340469,
      "R2": -0.7429285028675844,
      "R2_std": 1.351931426874141,
      "MAE": 8.641914288034487
    },
    "Random Forest": {
      "RMSE": 7.198532085547221,
      "RMSE_std": 2.6940961502944356,
      "R2": 0.4229721929716564,
      "R2_std": 0.10302905100025897,
      "MAE": 5.302134210526314
    },
    "Gradient Boosting": {
      "RMSE": 7.5962402588775335,
      "RMSE_std": 2.9451079268460303,
      "R2": 0.3755762263519644,
      "R2_std": 0.040156570171609576,
      "MAE": 5.625703876318838
    },
    "MLP": {
      "RMSE": 15.607345961764262,
      "RMSE_std": 7.1682628638376515,
      "R2": -2.3219159439386727,
      "R2_std": 2.91616569901294,
      "MAE": 10.132631933336109
    },
    "XGBoost": {
      "RMSE": 7.422140345720448,
      "RMSE_std": 2.5004474694619048,
      "R2": 0.38370601707294233,
      "R2_std": 0.0668406711972333,
      "MAE": 5.34774937679893
    }
  },
  "shap_expected_value": 15.028080940246582
}